{"cameraMode":{"drawMode":0,"name":"Shaded","section":"Shading Mode"},"sceneLighting":true,"audioPlay":false,"sceneViewState":{"showFog":true,"showMaterialUpdate":false,"showSkybox":true,"showFlares":true,"showImageEffects":true,"showParticleSystems":true},"in2DMode":false,"pivot":{"x":1.005019187927246,"y":-1.2559444904327393,"z":1.0547022819519044},"rotation":{"x":-0.17978224158287049,"y":0.48701921105384829,"z":-0.10319841653108597,"w":-0.8484342694282532},"size":12.715083122253418,"orthographic":false}